{
  "EURUSD": {
    "weekly_count": 10,
    "monthly_count": 10,
    "weekly_levels": [
      1.13916,
      1.11802,
      1.08079,
      1.10589,
      1.08811
    ],
    "monthly_levels": [
      1.19126,
      1.12142,
      1.18729,
      1.0809,
      1.1467
    ]
  },
  "GBPUSD": {
    "weekly_count": 10,
    "monthly_count": 10,
    "weekly_levels": [
      1.30464,
      1.27742,
      1.25877,
      1.28641,
      1.31709
    ],
    "monthly_levels": [
      1.63005,
      1.24555,
      1.26752,
      1.36596,
      1.67464
    ]
  },
  "USDJPY": {
    "weekly_count": 10,
    "monthly_count": 10,
    "weekly_levels": [
      109.741,
      108.56,
      110.823,
      109.111,
      109.32
    ],
    "monthly_levels": [
      115.45,
      114.497,
      111.588,
      101.18,
      103.726
    ]
  },
  "USDCHF": {
    "weekly_count": 10,
    "monthly_count": 10,
    "weekly_levels": [
      0.98438,
      0.91506,
      0.96942,
      0.99753,
      0.89264
    ],
    "monthly_levels": [
      0.95459,
      0.92013,
      0.92448,
      0.90721,
      0.94727
    ]
  },
  "USDCAD": {
    "weekly_count": 10,
    "monthly_count": 10,
    "weekly_levels": [
      1.3182,
      1.30134,
      1.33822,
      1.26234,
      1.3225
    ],
    "monthly_levels": [
      1.32262,
      1.3387,
      1.34197,
      1.29504,
      1.34575
    ]
  },
  "AUDUSD": {
    "weekly_count": 10,
    "monthly_count": 10,
    "weekly_levels": [
      0.76784,
      0.7367,
      0.66218,
      0.76466,
      0.74408
    ],
    "monthly_levels": [
      0.70178,
      0.6824,
      0.75556,
      0.63644,
      0.76735
    ]
  },
  "NZDUSD": {
    "weekly_count": 10,
    "monthly_count": 10,
    "weekly_levels": [
      0.6888,
      0.67267,
      0.70932,
      0.69514,
      0.71965
    ],
    "monthly_levels": [
      0.65779,
      0.70945,
      0.69693,
      0.74414,
      0.60866
    ]
  },
  "EURGBP": {
    "weekly_count": 10,
    "monthly_count": 10,
    "weekly_levels": [
      0.87203,
      0.85326,
      0.8572,
      0.85858,
      0.86407
    ],
    "monthly_levels": [
      0.87213,
      0.86562,
      0.8623,
      0.83995,
      0.84727
    ]
  },
  "EURJPY": {
    "weekly_count": 10,
    "monthly_count": 10,
    "weekly_levels": [
      132.245,
      134.359,
      127.943,
      130.684,
      133.089
    ],
    "monthly_levels": [
      137.447,
      126.089,
      133.062,
      124.394,
      127.044
    ]
  },
  "EURCHF": {
    "weekly_count": 10,
    "monthly_count": 10,
    "weekly_levels": [
      1.08707,
      1.0842,
      1.07897,
      1.07562,
      1.55775
    ],
    "monthly_levels": [
      1.05102,
      1.20014,
      1.5359,
      1.06118,
      1.58245
    ]
  },
  "EURAUD": {
    "weekly_count": 10,
    "monthly_count": 10,
    "weekly_levels": [
      1.6364,
      1.62574,
      1.64508,
      1.60396,
      1.63226
    ],
    "monthly_levels": [
      1.59732,
      1.63628,
      1.6129,
      1.62256,
      1.64376
    ]
  },
  "EURCAD": {
    "weekly_count": 10,
    "monthly_count": 10,
    "weekly_levels": [
      1.47283,
      1.46432,
      1.44833,
      1.47712,
      1.46103
    ],
    "monthly_levels": [
      1.53965,
      1.45905,
      1.44432,
      1.46455,
      1.47202
    ]
  },
  "EURNZD": {
    "weekly_count": 10,
    "monthly_count": 10,
    "weekly_levels": [
      1.74846,
      1.68394,
      1.75079,
      1.78416,
      1.69955
    ],
    "monthly_levels": [
      1.71719,
      1.73598,
      1.65272,
      1.62078,
      1.6332
    ]
  },
  "GBPJPY": {
    "weekly_count": 10,
    "monthly_count": 10,
    "weekly_levels": [
      147.011,
      149.405,
      148.983,
      139.291,
      148.018
    ],
    "monthly_levels": [
      139.304,
      148.964,
      163.882,
      195.886,
      156.694
    ]
  },
  "GBPCHF": {
    "weekly_count": 10,
    "monthly_count": 10,
    "weekly_levels": [
      1.27942,
      1.10933,
      1.2114,
      1.26598,
      1.12129
    ],
    "monthly_levels": [
      1.1503,
      1.28634,
      2.3827,
      1.48109,
      1.54914
    ]
  },
  "GBPAUD": {
    "weekly_count": 10,
    "monthly_count": 10,
    "weekly_levels": [
      1.79335,
      1.81928,
      1.77946,
      1.82568,
      1.78212
    ],
    "monthly_levels": [
      2.09801,
      1.72161,
      1.8288,
      1.81355,
      1.85886
    ]
  },
  "GBPCAD": {
    "weekly_count": 10,
    "monthly_count": 10,
    "weekly_levels": [
      1.70549,
      1.72812,
      1.69684,
      1.71835,
      1.5875
    ],
    "monthly_levels": [
      1.62098,
      1.75368,
      1.68658,
      1.67602,
      1.6391
    ]
  },
  "GBPNZD": {
    "weekly_count": 10,
    "monthly_count": 10,
    "weekly_levels": [
      1.93572,
      1.94608,
      1.96304,
      1.92768,
      1.89594
    ],
    "monthly_levels": [
      2.00687,
      1.89632,
      2.03284,
      1.98511,
      2.03602
    ]
  },
  "AUDJPY": {
    "weekly_count": 10,
    "monthly_count": 10,
    "weekly_levels": [
      81.494,
      78.822,
      80.446,
      82.821,
      79.8
    ],
    "monthly_levels": [
      81.489,
      95.684,
      92.985,
      90.086,
      78.788
    ]
  },
  "AUDCHF": {
    "weekly_count": 10,
    "monthly_count": 10,
    "weekly_levels": [
      0.6713,
      0.7308,
      0.9526,
      0.95777,
      0.94658
    ],
    "monthly_levels": [
      0.72434,
      0.9376,
      0.65134,
      0.67484,
      0.72748
    ]
  },
  "AUDCAD": {
    "weekly_count": 10,
    "monthly_count": 10,
    "weekly_levels": [
      0.94127,
      0.90995,
      0.90591,
      0.9116,
      0.95841
    ],
    "monthly_levels": [
      0.9065,
      0.91011,
      0.91508,
      0.93952,
      0.99423
    ]
  },
  "AUDNZD": {
    "weekly_count": 10,
    "monthly_count": 10,
    "weekly_levels": [
      1.07336,
      1.09092,
      1.09215,
      1.0771,
      1.09448
    ],
    "monthly_levels": [
      1.0912,
      1.07316,
      1.0652,
      1.10512,
      1.05633
    ]
  },
  "NZDJPY": {
    "weekly_count": 10,
    "monthly_count": 10,
    "weekly_levels": [
      76.026,
      78.196,
      77.88,
      78.045,
      76.284
    ],
    "monthly_levels": [
      77.465,
      87.35,
      83.37,
      68.89,
      75.262
    ]
  },
  "NZDCHF": {
    "weekly_count": 10,
    "monthly_count": 10,
    "weekly_levels": [
      0.75304,
      0.67234,
      0.65054,
      0.67917,
      0.6425
    ],
    "monthly_levels": [
      0.65119,
      0.6725,
      0.71219,
      0.77511,
      0.70339
    ]
  },
  "NZDCAD": {
    "weekly_count": 10,
    "monthly_count": 10,
    "weekly_levels": [
      0.82733,
      0.82606,
      0.87839,
      0.8069,
      0.8088
    ],
    "monthly_levels": [
      0.8348,
      0.85738,
      0.82363,
      0.83222,
      0.8024
    ]
  },
  "CADJPY": {
    "weekly_count": 10,
    "monthly_count": 10,
    "weekly_levels": [
      80.606,
      83.173,
      82.145,
      82.94,
      83.595
    ],
    "monthly_levels": [
      107.166,
      101.66,
      99.15,
      87.449,
      89.179
    ]
  },
  "CADCHF": {
    "weekly_count": 10,
    "monthly_count": 10,
    "weekly_levels": [
      0.73301,
      0.7459,
      0.7612,
      0.74977,
      0.7426
    ],
    "monthly_levels": [
      0.9403,
      0.9927,
      0.99023,
      0.77399,
      0.66054
    ]
  },
  "CHFJPY": {
    "weekly_count": 10,
    "monthly_count": 10,
    "weekly_levels": [
      89.394,
      112.536,
      85.488,
      113.27,
      112.996
    ],
    "monthly_levels": [
      85.515,
      114.085,
      106.742,
      91.578,
      118.585
    ]
  },
  "XAUUSD": {
    "weekly_count": 10,
    "monthly_count": 10,
    "weekly_levels": [
      1308.3,
      1241.93,
      1235.84,
      1300.54,
      1267.53
    ],
    "monthly_levels": [
      1265.27,
      1308.1,
      1238.67,
      1204.82,
      1361.92
    ]
  },
  "XAGUSD": {
    "weekly_count": 10,
    "monthly_count": 10,